<?xml version="1.0" encoding="UTF-8"?>
<project-private xmlns="http://www.netbeans.org/ns/project-private/1">
    <editor-bookmarks xmlns="http://www.netbeans.org/ns/editor-bookmarks/2" lastBookmarkId="0"/>
    <open-files xmlns="http://www.netbeans.org/ns/projectui-open-files/2">
        <group>
            <file>file:/C:/Users/TOSHIBA/Documents/NetBeansProjects/PrototypeStudents/src/prototypestudents/StudentCache.java</file>
            <file>file:/C:/Users/TOSHIBA/Documents/NetBeansProjects/PrototypeStudents/src/prototypestudents/Student1.java</file>
            <file>file:/C:/Users/TOSHIBA/Documents/NetBeansProjects/PrototypeStudents/src/prototypestudents/Student3.java</file>
            <file>file:/C:/Users/TOSHIBA/Documents/NetBeansProjects/PrototypeStudents/src/prototypestudents/IdNo.java</file>
            <file>file:/C:/Users/TOSHIBA/Documents/NetBeansProjects/PrototypeStudents/src/prototypestudents/Student.java</file>
            <file>file:/C:/Users/TOSHIBA/Documents/NetBeansProjects/PrototypeStudents/src/prototypestudents/Student2.java</file>
            <file>file:/C:/Users/TOSHIBA/Documents/NetBeansProjects/PrototypeStudents/src/prototypestudents/Department.java</file>
            <file>file:/C:/Users/TOSHIBA/Documents/NetBeansProjects/PrototypeStudents/src/prototypestudents/PrototypeStudents.java</file>
        </group>
    </open-files>
</project-private>
